searching,total_results,latest_sale_date,min_sale_price,max_sale_price,avg_sale_price_overall,msrp_value,profit_value,min_sale_price_embed,chart_url
ASUS GEFORCE RTX 3090 TI STRIX OC EVA,7,2024-10-19,700.0,1000.0,835.43,$1350.00,$-614.82,$1534.10,https://quickchart.io/chart/render/sf-520af257-880d-4fb5-9a9b-d2b188a9a35b
ASUS GEFORCE RTX 3090 TI STRIX OC LC,9,2024-10-22,798.0,1300.95,963.54,$1500.00,$-652.08,$1704.55,https://quickchart.io/chart/render/sf-98a15a56-8b2d-4dde-9544-2ac0aba35646
ASUS GEFORCE RTX 3090 TUF,24,2024-10-23,625.0,919.99,760.37,$1200.00,$-530.87,$1363.64,https://quickchart.io/chart/render/sf-8f019c93-accd-48b0-bbb7-2f12c73228e2
ASUS GEFORCE RTX 3090 TUF OC,25,2024-10-23,625.0,919.99,759.95,$1200.00,$-531.24,$1363.64,https://quickchart.io/chart/render/sf-5a4a6623-25e3-42a8-80ff-7c4dccf16906
ASUS GEFORCE RTX 4080 SUPER STRIX,18,2024-10-22,818.76,1400.0,1103.4,$1500.00,$-529.01,$1704.55,https://quickchart.io/chart/render/sf-b739cf8d-9436-4f08-989f-0f46248a4321
ASUS GEFORCE RTX 4080 SUPER TUF,19,2024-10-24,449.99,1249.99,878.71,$1500.00,$-726.74,$1704.55,https://quickchart.io/chart/render/sf-b30b88a5-1249-48a6-ad41-b8f967269ad0
ASUS GEFORCE RTX 4090 EVA V2,21,2024-10-24,799.99,1975.0,1304.93,$3000.00,$-1851.66,$3409.10,https://quickchart.io/chart/render/sf-be6a0c0b-9215-4230-86f9-0e654f5db613
ASUS GEFORCE RTX 4090 MATRIX PLATINUM,18,2024-10-23,899.99,4799.0,1954.61,$3500.00,$-1779.94,$3977.28,https://quickchart.io/chart/render/sf-05203779-4ac6-4ca3-afe4-aaebfbc37bd6
ASUS GEFORCE RTX 4090 STRIX,20,2024-10-24,1200.0,3034.84,1850.5,$2200.00,$-571.56,$2500.00,https://quickchart.io/chart/render/sf-1bd688de-eb11-4a63-922e-16fc49f3c3d9
ASUS GEFORCE RTX 4090 STRIX LC,19,2024-10-24,930.0,3034.84,1522.09,$2200.00,$-860.56,$2500.00,https://quickchart.io/chart/render/sf-4ba12081-bbba-46c3-9ce7-cc39f9c3e998
ASUS GEFORCE RTX 4090 STRIX LC OC,19,2024-10-24,1025.0,3034.84,1558.43,$2200.00,$-828.58,$2500.00,https://quickchart.io/chart/render/sf-75a66370-9d0d-4ef9-82fb-07be832b0b6b
ASUS GEFORCE RTX 4090 STRIX OC,18,2024-10-24,1400.0,3499.0,2069.83,$2200.00,$-378.55,$2500.00,https://quickchart.io/chart/render/sf-89c0d55b-6f5d-4213-aeaa-5f9fc57d98e1
ASUS GEFORCE RTX 4090 STRIX WHITE,20,2024-10-24,1600.0,2369.0,1979.65,$2200.00,$-457.91,$2500.00,https://quickchart.io/chart/render/sf-c7932d30-1b02-4a34-8cff-b67cad07562e
ASUS GEFORCE RTX 4090 STRIX WHITE OC,22,2024-10-20,1600.0,3949.49,2049.66,$2200.00,$-396.30,$2500.00,https://quickchart.io/chart/render/sf-847f2e21-22b6-4f55-83bb-68c169e961b3
ASUS GEFORCE RTX 4090 TUF,16,2024-10-24,495.0,2434.95,1582.02,$2200.00,$-807.82,$2500.00,https://quickchart.io/chart/render/sf-f05d344e-30c2-495e-928a-ac30dc973009
ASUS GEFORCE RTX 4090 TUF OC,16,2024-10-24,495.0,2434.95,1578.84,$2200.00,$-810.62,$2500.00,https://quickchart.io/chart/render/sf-75e75b3e-fa5f-4a24-bcd3-d4f0668ce690
ASUS GEFORCE RTX 4090 TUF OG,25,2024-10-23,1500.0,1949.99,1728.59,$3000.00,$-1478.84,$3409.10,https://quickchart.io/chart/render/sf-34c16793-93be-4fc2-a3c4-e40a8ec666a1
ASUS ROG ALLY 7 120 HZ GAMING HANDHELD,20,2024-10-24,369.95,899.9,506.8,$600.00,$-154.02,$681.82,https://quickchart.io/chart/render/sf-00c02c7b-9fe4-450e-8b84-35298665b3e8
ASUS ROG FLOW Z13-ACRNM RMT02 GAMING LAPTOP TABLET,11,2024-10-23,825.0,3199.95,1708.31,$2800.00,$-1296.69,$3181.82,https://quickchart.io/chart/render/sf-b3accda5-a2fc-43b0-8817-84394ade52b8
ASUS ROG MAXIMUS Z790 MAXIMUS APEX MOTHERBOARD,16,2024-10-23,499.0,975.96,615.32,$750.00,$-208.52,$852.28,https://quickchart.io/chart/render/sf-a33708f3-f4c4-4c91-9a9b-5895a08d9c2a
ASUS ROG STRIX X570-I GAMING MINI-ITX MOTHERBOARD,10,2024-10-18,163.0,339.99,212.19,$300.00,$-113.27,$340.91,https://quickchart.io/chart/render/sf-8d8b1369-5bdf-4468-9538-831ff5950cbf
ASUS ROG SWIFT 32 4K OLED OLED MONITOR PG32UCDM,17,2024-10-24,949.0,2027.98,1238.51,$1400.00,$-310.11,$1590.91,https://quickchart.io/chart/render/sf-3ab4c9a1-28c6-4a6f-bd02-c538201485cd
AUSSTRALIAN GOLD DARK TANNING ACCELERATOR LOTION,15,2024-10-23,13.75,26.9,18.7,$1.00,$15.46,$1.13,https://quickchart.io/chart/render/sf-10348e40-adf1-44a8-91a6-5c59e8b8644e
BANDAI NAMCO ONE PIECE TCG ROMANCE DAWN BOOSTER BOX,16,2024-10-22,190.0,249.99,218.71,$100.00,$92.46,$113.63,https://quickchart.io/chart/render/sf-95aca871-67cf-4383-9cfd-e228b017dd6f
BARBIE 50TH ANNIVERSARY BARBIE GLAMOUR AFRICAN AMERICAN DOLL,23,2024-10-22,45.0,76.0,55.96,$175.00,$-125.76,$198.87,https://quickchart.io/chart/render/sf-76eaca38-b100-45da-9740-6bd28ec9e63b
BARBIE COLLECTOR STAR WARS DARTH VADER DOLL,17,2024-10-20,125.9,300.0,162.28,$150.00,$-7.19,$170.46,https://quickchart.io/chart/render/sf-5cdc440a-87e5-401d-acf5-37705d27c66e
BARBIE COLLECTOR STAR WARS STORMTROOPER DOLL,19,2024-10-22,99.99,225.0,124.7,$150.00,$-40.26,$170.46,https://quickchart.io/chart/render/sf-d1b457b4-a51c-4570-a359-fad1f294fc86
BARBIE DIA DE LOS MUERTOS DOLL,16,2024-10-24,125.0,299.99,205.71,$120.00,$61.02,$136.36,https://quickchart.io/chart/render/sf-47c9ba41-07cf-4277-ad74-d69976718f4e
BARBIE DIWALI DOLL WEARING FESTIVAL OF LIGHTS,9,2024-10-22,99.99,249.99,126.75,$120.00,$-8.46,$136.37,https://quickchart.io/chart/render/sf-1f97e3bc-4815-4bdb-bd60-d7bc95cc09eb
BARBIE DOLL STEVIE NICKS MUSIC COLLECTOR,19,2024-10-24,70.0,167.97,95.78,$80.00,$4.29,$90.90,https://quickchart.io/chart/render/sf-1bad68a3-0f53-437b-a81f-31318544c2a7
BARBIE IN INLINE SKATING OUTFIT THE MOVIE EXCLUSIVE,16,2024-10-18,15.0,24.99,20.57,$40.00,$-21.90,$45.46,https://quickchart.io/chart/render/sf-314067a1-5a78-4f2f-aaa0-99c88053dfbb
BARBIE IN PINK POWER JUMPSUIT THE MOVIE EXCLUSIVE,18,2024-10-24,16.79,39.97,23.84,$100.00,$-79.02,$113.64,https://quickchart.io/chart/render/sf-98ded78a-7f91-43a4-b535-ce3d44727f84
BARBIE INSPIRING WOMEN DOLL WILMA MANKILLER COLLECTIBLE TURQUOISE DRESS,23,2024-10-20,122.15,268.0,165.62,$100.00,$45.75,$113.63,https://quickchart.io/chart/render/sf-ed710685-c847-432c-b310-1c325ad3f96a
BARBIE KEN DOLL IN INLINE SKATING OUTFIT THE MOVIE EXCLUSIVE,15,2024-10-18,13.99,25.0,20.04,$40.00,$-22.36,$45.46,https://quickchart.io/chart/render/sf-f57c2ef4-215a-48ea-b0bc-05c125bbe767
BARBIE PRINCESS LEIA STAR WARS DOLL,14,2024-10-23,140.0,249.99,196.28,$110.00,$62.73,$124.99,https://quickchart.io/chart/render/sf-26d88728-b8cb-4e26-b534-0b61b3796232
BARBIE SIGANTURE TINA TURNER BARBIE DOLL,27,2024-10-20,86.4,200.0,151.06,$80.00,$52.93,$90.90,https://quickchart.io/chart/render/sf-adeac709-f997-483d-89d0-61cd76ef0f25
BARBIE SIGNATURE DOLL MARIA FELIX WEARING ELEGANT GLIMMERING GOLD,7,2024-08-26,55.0,79.99,62.68,$60.00,$-4.84,$68.19,https://quickchart.io/chart/render/sf-19d83f6f-c06a-4497-a8e4-f3cb393afdc9
BARBIE SIGNATURE QUEEN ELIZABETH II PLATINUM DOLL,11,2024-10-22,195.0,250.0,227.72,$50.00,$150.39,$56.81,https://quickchart.io/chart/render/sf-01a499ba-caa9-457d-9385-9faa3eb4c381
BETHESDA FALLOUT SPECIAL ANTHOLOGY EDITION PC,12,2024-10-22,65.0,109.91,83.95,$75.00,$-1.12,$85.23,https://quickchart.io/chart/render/sf-a37610a5-78df-4391-968b-08907b83d6a2
BLUEY NEW 2023 ULTIMATE MEGA SET 40 PIECES,16,2024-10-21,109.99,222.48,133.94,$150.00,$-32.13,$170.46,https://quickchart.io/chart/render/sf-49bf6b66-c1d0-47a7-ae4d-2c5bd39e7ed5
BROOK WINGMAN FGC CONVERTER ARCADE JOYSTICK CONVERTER,10,2024-10-21,38.99,49.89,43.18,$60.00,$-22.00,$68.19,https://quickchart.io/chart/render/sf-77236801-f87d-4552-8769-72dcfa673ff4
CANON IMAGECLASS MF3010 PRINTER,13,2024-10-20,54.69,134.99,101.9,$130.00,$-40.33,$147.73,https://quickchart.io/chart/render/sf-78791899-60dd-4b59-892b-8a0e2dd21691
CESAR SOFT WET DOG FOOD GRILLED STEAK AND EGGS PACK OF 24,1,2024-08-10,44.21,44.21,44.21,$4.00,$34.90,$4.54,https://quickchart.io/chart/render/sf-9b2746b1-91f4-41f1-8d15-46f88748963f
CHEETOS DUSTER BUNDLE,5,2024-10-20,17.99,46.5,32.69,$35.00,$-6.23,$39.78,https://quickchart.io/chart/render/sf-9d2a805a-0322-44a8-a6d6-91b0a946d870
CORSAIR AX1600I POWER SUPPLY,12,2024-10-17,285.0,549.99,404.91,$560.00,$-203.68,$636.37,https://quickchart.io/chart/render/sf-aee4576b-082d-4655-8ce5-41550baa279b
CORSAIR VENGENCE RGB PRO 128 GB DDR4 3200 RAM,10,2024-10-24,120.0,271.96,203.33,$70.00,$108.93,$79.54,https://quickchart.io/chart/render/sf-bda46de9-ced6-455e-9007-af728ea66c91
DISNEY EPIC MICKEY REBRUSHED COLLECTORS EDITION PS5,26,2024-10-22,274.65,314.99,289.39,$400.00,$-145.34,$454.55,https://quickchart.io/chart/render/sf-63fc69a8-017e-4c8a-a91a-f8e7cfef4880
DISNEY EPIC MICKEY REBRUSHED COLLECTORS EDITION SWITCH,26,2024-10-22,250.0,323.41,282.38,$400.00,$-151.51,$454.55,https://quickchart.io/chart/render/sf-cb3a8edf-5562-4b18-b163-a12cfce5b90d
DISNEY EPIC MICKEY REBRUSHED COLLECTORS EDITION XBOX,8,2024-10-22,274.0,349.99,305.99,$400.00,$-130.73,$454.55,https://quickchart.io/chart/render/sf-4ee5e865-7474-4bbd-9a93-ccae5f83d027
ELDEN RING COLLECTOR'S EDITION PS5,19,2024-10-22,144.68,275.0,200.72,$250.00,$-73.37,$284.10,https://quickchart.io/chart/render/sf-985059f3-5744-4fe6-a82e-aa689446aef4
ELDEN RING COLLECTOR'S EDITION XBOX SERIES X,17,2024-10-22,19.5,93.0,34.38,$250.00,$-219.75,$284.10,https://quickchart.io/chart/render/sf-73d68d26-8b57-4966-975e-f1c1a2de24c1
EVGA GEFORCE RTX 3090 FTW3 GAMING,21,2024-10-24,675.0,1299.0,798.81,$1200.00,$-497.05,$1363.64,https://quickchart.io/chart/render/sf-d7c1c05e-887b-497c-9e2b-e6ad311b4250
EVGA GEFORCE RTX 3090 FTW3 ULTRA GAMING,11,2024-10-24,680.0,1299.0,834.45,$1200.00,$-465.68,$1363.64,https://quickchart.io/chart/render/sf-08c46440-3109-42eb-8d85-fa941b001fba
EVGA GEFORCE RTX 3090 KINGPIN HYBRID GAMING,9,2024-10-21,748.99,999.99,843.44,$1200.00,$-457.77,$1363.64,https://quickchart.io/chart/render/sf-3b1fdaf9-fcdb-4608-8e1c-6e05adc35e33
EVGA GEFORCE RTX 3090 TI FTW3 ULTRA GAMING,13,2024-10-24,749.0,1299.0,945.77,$1500.00,$-667.72,$1704.55,https://quickchart.io/chart/render/sf-71213b28-10e9-4f80-b63d-cdee68eb341e
EVGA GEFORCE RTX 3090 XC3 BLACK GAMING,16,2024-10-23,620.0,820.0,725.62,$1200.00,$-561.45,$1363.64,https://quickchart.io/chart/render/sf-573474be-ee0e-4944-82c3-58c8f364bb38
EVGA GEFORCE RTX 3090 XC3 GAMING,13,2024-10-22,675.0,899.99,762.08,$1200.00,$-529.37,$1363.64,https://quickchart.io/chart/render/sf-20ad2fe1-9a1a-45ca-a25f-803a939e65b5
EVGA GEFORCE RTX 3090 XC3 ULTRA GAMING,13,2024-10-22,675.0,899.99,762.08,$1200.00,$-529.37,$1363.64,https://quickchart.io/chart/render/sf-5c24e83f-6faa-4a5d-918d-6c2e932c427c
FINAL FANTASY VII REBIRTH DELUXE EDITION PS5,13,2024-10-23,140.0,177.0,156.69,$115.00,$22.89,$130.68,https://quickchart.io/chart/render/sf-49747778-9455-42c0-8825-576b953480c0
FIRE EMBLEM ENGAGE DIVINE EDITION,6,2024-10-22,93.95,149.0,120.07,$120.00,$-14.34,$136.37,https://quickchart.io/chart/render/sf-a58b5918-42f4-48df-8e39-b8e4bea598bb
FITCRUNCH SNACK SIZE PROTEIN BAR,16,2024-10-23,23.99,59.99,38.2,$10.00,$23.62,$11.36,https://quickchart.io/chart/render/sf-d71d80a1-54d8-4f6d-9729-21ddd8482d5e
FRACTAL DESIGN NORTH CHALK WHITE,8,2024-10-13,103.37,173.13,143.69,$275.00,$-148.55,$312.51,https://quickchart.io/chart/render/sf-d0e05d3a-0789-4f72-8776-064661a293be
FRACTAL DESIGN NORTH CHALK WHITE TG CLEAR,13,2024-10-16,79.99,154.49,110.65,$275.00,$-177.63,$312.51,https://quickchart.io/chart/render/sf-81e54f85-10f5-42ed-8f25-768b91052e25
FRACTAL DESIGN NORTH CHARCOAL BLACK,9,2024-10-22,110.0,198.66,169.82,$275.00,$-125.56,$312.51,https://quickchart.io/chart/render/sf-aa147bb9-add5-492f-914d-8aafbabcbd95
FRACTAL DESIGN NORTH CHARCOAL BLACK TG CASE,7,2024-10-22,110.0,198.66,162.52,$275.00,$-131.98,$312.51,https://quickchart.io/chart/render/sf-27f167c4-0f67-4b74-ba82-be6cbff3f020
FRACTAL DESIGN RIDGE BLACK CASE,21,2024-10-23,78.0,170.02,101.41,$200.00,$-110.76,$227.28,https://quickchart.io/chart/render/sf-74e4404d-40cd-4852-8bbe-57e98b4a2605
FRACTAL DESIGN RIDGE WHITE CASE,15,2024-10-23,69.99,133.99,97.76,$200.00,$-113.97,$227.28,https://quickchart.io/chart/render/sf-114e5188-f92a-4ad8-828b-3bd120dec85a
FRISKIES DRY CAT FOOD SURFIN TURFIN,21,2024-10-23,17.98,43.15,25.46,$3.00,$19.40,$3.40,https://quickchart.io/chart/render/sf-fc850978-1ecc-4c9a-bf73-360c1e8a536f
FUJIFILM X100V DIGITAL CAMERA BLACK,6,2024-10-24,1425.0,2205.0,1691.75,$1500.00,$-11.26,$1704.55,https://quickchart.io/chart/render/sf-ceaa49d4-f79e-4201-ab2e-dccc41a97c19
FUJIFILM X100V DIGITAL CAMERA SILVER,20,2024-10-23,1300.0,2275.0,1660.69,$1500.00,$-38.59,$1704.55,https://quickchart.io/chart/render/sf-ede0d5e3-a5c8-40b4-afc8-59a0374fed2f
FUJIFILM X100VI DIGITAL CAMERA BLACK,11,2024-10-23,1700.0,2349.0,2136.55,$1700.00,$180.16,$1931.81,https://quickchart.io/chart/render/sf-9d6576f1-7eed-4de7-8663-793828b866de
FUJIFILM X100VI DIGITAL CAMERA SILVER,13,2024-10-23,2099.99,2891.0,2272.21,$1700.00,$299.54,$1931.81,https://quickchart.io/chart/render/sf-666e6fd8-7445-45c3-a299-92c0cc89c6a3
FUNKO POP ANIMATION ONE PIECE LUFFY GEAR FIVE WITH CHASE,23,2024-10-24,24.99,37.99,29.99,$50.00,$-23.61,$56.82,https://quickchart.io/chart/render/sf-ce393fe6-6a03-4420-a2a2-53f12f0a9ec9
FUNKO POP STAR WARS POWER OF THE GALAXY AHSOKA,21,2024-10-16,20.0,34.99,26.03,$40.00,$-17.09,$45.46,https://quickchart.io/chart/render/sf-4b23bb27-9266-49bd-9525-c1caef26e704
GALAX GEFORCE RTX 4090 SG,17,2024-10-23,1200.0,1800.0,1497.41,$2000.00,$-682.28,$2272.73,https://quickchart.io/chart/render/sf-8cc53b4c-bc91-4bcd-9f65-59cbe84d92b3
GIGABYTE GEFORCE RTX 3090 AORUS MASTER,16,2024-10-20,550.0,800.0,687.84,$1200.00,$-594.70,$1363.64,https://quickchart.io/chart/render/sf-6188b2eb-3ac3-40be-8cdd-14faa6560f92
GIGABYTE GEFORCE RTX 3090 AORUS MASTER REV 2,14,2024-10-20,560.01,800.0,686.11,$1200.00,$-596.22,$1363.64,https://quickchart.io/chart/render/sf-eee80915-4cbe-4bc0-a326-dc46a826f294
GIGABYTE GEFORCE RTX 3090 AORUS XTREME,20,2024-10-20,550.0,1199.99,735.07,$1200.00,$-553.14,$1363.64,https://quickchart.io/chart/render/sf-5c23b12b-0dfb-4c11-8338-b47424dc8ec8
GIGABYTE GEFORCE RTX 3090 AORUS XTREME WATERFORCE,22,2024-10-23,550.0,1199.99,742.97,$1200.00,$-546.19,$1363.64,https://quickchart.io/chart/render/sf-94c88935-0773-4720-b5ed-696455a3a53a
GIGABYTE GEFORCE RTX 3090 AORUS XTREME WATERFORCE WB,8,2024-10-14,489.0,1199.99,760.43,$1200.00,$-530.82,$1363.64,https://quickchart.io/chart/render/sf-18a4a88b-3560-4e0b-89a7-e6e00e986566
GIGABYTE GEFORCE RTX 3090 EAGLE OC,15,2024-10-21,551.0,740.82,656.15,$1200.00,$-622.59,$1363.64,https://quickchart.io/chart/render/sf-a6409cf4-c7e6-4a91-9e97-51298244da9d
GIGABYTE GEFORCE RTX 3090 VISION OC,8,2024-10-07,749.99,1025.9,826.18,$1200.00,$-472.96,$1363.64,https://quickchart.io/chart/render/sf-d00c28e5-fe9b-42e3-a71b-94161da7f672
GIGABYTE GEFORCE RTX 4090 AORUS MASTER,23,2024-10-23,1250.0,3050.0,1787.33,$2200.00,$-627.15,$2500.00,https://quickchart.io/chart/render/sf-ed2d8128-ef85-4746-8cbf-2246337677c1
GIGABYTE GEFORCE RTX 4090 GAMING OC,9,2024-10-23,1499.0,2199.99,1719.0,$2200.00,$-687.28,$2500.00,https://quickchart.io/chart/render/sf-5b28c3e6-75ae-402f-9984-8e848b75b98f
GIGABYTE GEFORCE RTX 4090 WINDFORCE,18,2024-10-22,1200.0,3480.0,1726.65,$2200.00,$-680.55,$2500.00,https://quickchart.io/chart/render/sf-02e50e53-e821-438e-944a-538d5253dbe4
GILLETTE SENSOR3 COOL MEN DISPOSABLE RAZOR 3 COUNT PACK OF 12,9,2024-10-21,10.99,29.99,16.32,$6.00,$8.36,$6.81,https://quickchart.io/chart/render/sf-b620dc79-1760-48c5-a1ef-d4211589beca
GOD OF WAR RAGNAROK JOTNAR EDITION,15,2024-10-18,149.99,349.99,281.59,$300.00,$-52.20,$340.91,https://quickchart.io/chart/render/sf-9d3f06db-c6f9-48ba-a7e8-7ede36adae5b
GOD OF WAR RAGNAROK PLAYSTATION 5 CONTROLLER,23,2024-10-22,102.5,299.98,152.17,$125.00,$8.91,$142.04,https://quickchart.io/chart/render/sf-50aff762-88e7-4777-ae8c-5b89cbee058a
GOOD SMILE PERSONA 3 AEGIS NENDOROID P3 EDITION FIGURE,7,2024-10-07,89.95,271.86,194.71,$100.00,$71.34,$113.63,https://quickchart.io/chart/render/sf-efd416f8-474d-4b9e-bb88-58c92dba6b2e
HALLMARK KEEPSAKE CHRISTMAS ORNAMENT 2023 STAR WARS,6,2024-10-19,19.99,120.0,55.32,$75.00,$-26.32,$85.23,https://quickchart.io/chart/render/sf-4d888fd0-27fc-4478-a9a4-bf0da1b7fcc8
HAPPY BABY FREEZE-DRIED YOGURT MANGO,3,2024-09-12,13.67,20.75,17.8,$4.00,$11.66,$4.54,https://quickchart.io/chart/render/sf-5258c4e1-c4cc-4cbf-88ad-4ec2bc05c446
HELLO KITTY AND FRIENDS PLUSH VALENTINE BOUTIQUE,7,2024-10-21,49.95,75.0,61.98,$75.00,$-20.46,$85.23,https://quickchart.io/chart/render/sf-053db217-9724-4731-84c2-2e3d3ce69464
HOGWARTS LEGACY COLLECTORS EDITION PC,10,2024-10-24,139.95,500.0,288.42,$400.00,$-146.19,$454.55,https://quickchart.io/chart/render/sf-9d8bc24e-e080-4e55-b074-4e98b9687550
HOGWARTS LEGACY COLLECTORS EDITION PS4,8,2024-10-19,119.41,247.88,173.7,$400.00,$-247.14,$454.55,https://quickchart.io/chart/render/sf-78f907f3-e44a-45ce-8188-6a2659fec6d9
HOGWARTS LEGACY COLLECTORS EDITION PS5,16,2024-10-09,155.05,350.0,241.18,$400.00,$-187.76,$454.55,https://quickchart.io/chart/render/sf-aa4db881-ecb7-42dc-a050-6408b9b997aa
HOGWARTS LEGACY COLLECTORS EDITION XBOX ONE,28,2024-10-24,19.99,45.0,27.52,$400.00,$-375.78,$454.55,https://quickchart.io/chart/render/sf-3e634380-4ad5-4428-ac5e-ed39dd98eadf
HOGWARTS LEGACY COLLECTORS EDITION XBOX SERIES X,7,2024-10-19,35.95,227.77,172.55,$400.00,$-248.16,$454.55,https://quickchart.io/chart/render/sf-e186087e-f78d-4a7f-a640-ddea85ccfbb3
HOT WHEELS CARS FAST AND FURIOUS BUNDLE BOX,10,2024-10-18,45.54,220.0,92.39,$100.00,$-18.70,$113.64,https://quickchart.io/chart/render/sf-9d9e71e8-e4dd-4637-9ca4-83753a17089c
HRO DC UNLOCK 24 PACK MEGA BOOSTER BOX NFT TRADING CARDS,3,2024-10-05,169.99,299.99,239.99,$150.00,$61.19,$170.45,https://quickchart.io/chart/render/sf-0dce4484-7702-4cad-bfd2-801f7549ae40
ILLY CLASSIC ROAST BEANS 88 OUNCES 6 PACK,4,2024-10-13,55.99,69.99,60.87,$20.00,$33.57,$22.72,https://quickchart.io/chart/render/sf-b7461013-ee88-4026-ae26-c8317c5676eb
INNOVIA AUTOMATIC PAPER TOWEL DISPENSER TOUCHLESS,19,2024-10-23,62.95,99.99,80.83,$125.00,$-53.87,$142.05,https://quickchart.io/chart/render/sf-21078ca4-d45a-4e74-8772-bffb64fcc7e4
KONOAMI TURBOGRAFX 16 MINI,19,2024-10-23,185.0,331.7,243.85,$115.00,$99.59,$130.68,https://quickchart.io/chart/render/sf-b7a6a186-fc6d-4b6e-8800-cdbf773864fc
LEGO 10300 BACK TO THE FUTURE TIME MACHINE 1872 PIECES,14,2024-10-20,120.0,174.43,148.44,$150.00,$-19.37,$170.46,https://quickchart.io/chart/render/sf-6c974339-4b14-4f88-a013-a764f18384ed
LEGO ART JIM LEE BATMAN COLLECTION SUPERHERO CANVAS WALL DECOR 31205,22,2024-10-24,140.0,400.0,177.18,$140.00,$15.92,$159.09,https://quickchart.io/chart/render/sf-7f5a2fdf-fc04-4c43-b360-ba7a3bc53ee5
LEGO ART WORLD MAP BUILDING SET 31203,21,2024-10-22,340.0,530.0,393.43,$275.00,$71.22,$312.49,https://quickchart.io/chart/render/sf-a96307fc-303a-490b-970f-d5d17430649d
LEGO DC BATMAN 1989 BATMOBILE 76139 BUILDING KIT,13,2024-10-22,300.0,499.99,416.42,$275.00,$91.45,$312.49,https://quickchart.io/chart/render/sf-589f033f-792c-477c-b766-c204690bedd2
LEGO DC BATMAN 1989 BATWING 76161 MODEL,9,2024-10-23,200.5,255.0,229.06,$220.00,$-18.43,$250.01,https://quickchart.io/chart/render/sf-62afd383-88ef-432a-97d0-417612b5310e
LEGO HOME ALONE EXCLUSIVE BUILDING SET,11,2024-10-23,228.89,298.0,253.69,$275.00,$-51.75,$312.51,https://quickchart.io/chart/render/sf-fe2897a7-f862-43c3-a31e-f4547e686480
LEGO ICONS THE FRIENDS APARTMENTS 10292 FRIENDS TV SHOW GIFT,18,2024-10-24,215.0,349.99,268.43,$240.00,$-3.78,$272.73,https://quickchart.io/chart/render/sf-84d45b0f-b9ab-4abb-b676-a757141df2f6
LEGO IDEAS 123 SESAME STREET 21324 BUILDING KIT,20,2024-10-24,109.0,182.5,145.02,$125.00,$2.62,$142.04,https://quickchart.io/chart/render/sf-7127f73e-fbc8-4967-a99b-c2e63cfe969e
LEGO IDEAS DISNEY WINNIE THE POOH 21326 BUILDING SET,11,2024-10-18,120.0,134.0,126.61,$85.00,$26.42,$96.59,https://quickchart.io/chart/render/sf-15fc963b-6134-451b-a937-54ac1095da41
LEGO IDEAS NASA APOLLO SATURN V 92176,15,2024-10-24,130.1,200.0,182.3,$130.00,$30.42,$147.72,https://quickchart.io/chart/render/sf-d963fec6-2498-43d4-b4ae-10c74b470676
LEGO STAR WARS A NEW HOPE IMPERIAL STAR DESTROYER 75252,20,2024-10-23,830.0,1105.0,955.83,$725.00,$116.13,$823.86,https://quickchart.io/chart/render/sf-192af1d6-33a8-41a8-9efd-74f642ea0266
LEGO STAR WARS BOBA FETT HELMET BUILDING KIT,22,2024-10-21,59.99,84.87,72.24,$65.00,$-1.43,$73.87,https://quickchart.io/chart/render/sf-4e1484de-5648-4619-a5ff-6376b00d0378
LEGO STAR WARS CLONE WARS ARMORED ASSAULT TANK 75283,16,2024-10-20,39.91,55.0,45.04,$60.00,$-20.36,$68.19,https://quickchart.io/chart/render/sf-2f2fec5a-46d5-4305-be37-23628b6ac002
LEGO STAR WARS DAGOBAH 75330 SET,22,2024-10-17,51.0,115.64,74.97,$60.00,$5.97,$68.18,https://quickchart.io/chart/render/sf-02da418b-1b49-4bb9-bf29-e825ff6f5baf
LEGO STAR WARS EWOK ATTACK 7956,13,2024-10-19,41.0,65.22,54.74,$90.00,$-41.83,$102.28,https://quickchart.io/chart/render/sf-bb5bc539-6076-437c-89b8-16ef2e6627e5
LEGO STAR WARS IMPERIAL SHUTTLE 10212,20,2024-10-23,781.68,1359.99,1146.37,$1000.00,$8.81,$1136.36,https://quickchart.io/chart/render/sf-289fdf84-4247-42eb-b2f1-06bf32cd951c
LEGO STAR WARS MANDALORIAN STARFIGHTER 75316,8,2024-10-23,59.99,79.99,69.87,$60.00,$1.49,$68.18,https://quickchart.io/chart/render/sf-f71c1465-b32d-425c-bd7c-6cc1a498112e
LEGO STAR WARS SCOUT TROOPER HELMET 75305,21,2024-10-23,69.99,99.0,81.92,$60.00,$12.09,$68.18,https://quickchart.io/chart/render/sf-9dc3409a-d49d-48f1-841a-6e0bea63139d
LEGO STAR WARS SKYWALKER SAGA DELUXE EDITION NINTENDO SWITCH,25,2024-10-24,14.99,26.97,17.78,$75.00,$-59.35,$85.23,https://quickchart.io/chart/render/sf-591831c8-db82-4f25-9f00-09cb345cd670
LEGO STAR WARS SKYWALKER SAGA DELUXE EDITION PS4,8,2024-10-20,43.0,99.95,64.42,$75.00,$-18.31,$85.23,https://quickchart.io/chart/render/sf-fd1bb605-9b92-49be-b079-8315090c199d
LEGO STAR WARS SKYWALKER SAGA DELUXE EDITION PS5,11,2024-10-17,43.0,102.19,70.08,$80.00,$-18.33,$90.91,https://quickchart.io/chart/render/sf-df70ef6a-c926-4ff0-a38a-13e8862ca669
LEGO TECHNIC PORSCHE 911 GT3 RS,21,2024-10-23,640.0,1050.0,816.03,$380.00,$338.11,$431.81,https://quickchart.io/chart/render/sf-908409bb-6fcb-4c22-9f07-ef94797e3807
MAGIC THE GATHERING ASSASINS CREED COLLECTOR BOOSTER BOX,17,2024-10-24,162.5,285.26,209.58,$400.00,$-215.57,$454.55,https://quickchart.io/chart/render/sf-113003d1-c069-434c-8551-95f51b5bcf82
MAGIC THE GATHERING FALLOUT COLLECTOR BOOSTER,12,2024-10-23,402.06,679.99,553.4,$40.00,$446.99,$45.45,https://quickchart.io/chart/render/sf-a002e78e-6d34-4921-84bf-82846fc853ff
MAGIC THE GATHERING FALLOUT COLLECTOR BOOSTER BOX,15,2024-10-23,402.06,699.99,559.43,$400.00,$92.30,$454.54,https://quickchart.io/chart/render/sf-66362faa-d825-44fc-aa5f-1a6c4bb41456
MAGIC THE GATHERING LORD OF THE RINGS EARTH BUNDLE,10,2024-10-24,170.0,220.0,188.84,$100.00,$66.18,$113.63,https://quickchart.io/chart/render/sf-1d3c5e1a-a29d-4bbe-88ba-32bf99e40ac4
MAGIC THE GATHERING LORD OF THE RINGS GIFT BUNDLE,9,2024-10-24,165.99,220.0,200.05,$250.00,$-73.96,$284.10,https://quickchart.io/chart/render/sf-f74a694c-49b0-41dc-ace1-f8b22e3c0eba
MARVEL LEGENDS SERIES DEADPOOL ACTION FIGURE,9,2024-10-24,30.0,59.99,46.3,$35.00,$5.74,$39.77,https://quickchart.io/chart/render/sf-3dfd0bc6-d4ad-4cf0-9bbd-a1317c2c6ffb
MARVEL LEGENDS SERIES WOLVERINE ACTION FIGURE,7,2024-10-24,30.0,59.99,44.73,$35.00,$4.36,$39.77,https://quickchart.io/chart/render/sf-b1e75784-145d-44a1-b0c3-2fd0b2e7af0b
MASTERS OF THE UNIVERSE ORIGINS ACTION FIGURE VYPOR VILLAIN SNAKE,11,2024-10-23,29.97,69.99,45.62,$30.00,$10.15,$34.09,https://quickchart.io/chart/render/sf-4cc1cc7b-3e4c-4138-a6c9-9d2e0b54d81b
MCFARLANE DC MULTIVERSE THE FLASH MOVIE ACTION FIGURE BATMAN,11,2024-10-23,25.0,39.99,33.24,$30.00,$-0.75,$34.10,https://quickchart.io/chart/render/sf-b26f2d93-4adc-4a76-88bf-098f0496d2f7
MCFARLANE DC MULTIVERSE THE FLASH MOVIE VEHICLE BATMOBILE,16,2024-10-19,48.0,85.0,65.87,$70.00,$-12.03,$79.55,https://quickchart.io/chart/render/sf-85ac6096-d5c1-4755-908e-887a03cf0ba1
META QUEST 2 VIRTUAL REALITY HEADSET 128 GB,19,2024-10-24,139.99,385.0,192.79,$210.00,$-40.34,$238.64,https://quickchart.io/chart/render/sf-1eac6afe-379f-4994-8773-b791ee6cfaff
METAL GEAR SOLID SNAKE EATER COLLECTORS EDITION PS5,20,2024-10-22,306.99,360.65,329.87,$250.00,$40.29,$284.09,https://quickchart.io/chart/render/sf-1044a684-2ceb-40c2-8ddf-2b86fdfaf834
METAPHOR REFANTAZIO COLLECTORS EDITION PS5,25,2024-10-23,188.0,331.04,220.5,$250.00,$-55.96,$284.10,https://quickchart.io/chart/render/sf-e6732d93-0f84-4259-bd8b-3163c68b0978
METAPHOR REFANTAZIO COLLECTORS EDITION XBOX,26,2024-10-23,180.0,248.88,212.5,$250.00,$-63.00,$284.10,https://quickchart.io/chart/render/sf-ed9391b4-a3cf-40fa-b839-ffa094739842
MICROSOFT AZURE KINECT DEVELOPER KIT,15,2024-09-15,410.0,1499.0,710.13,$450.00,$174.91,$511.36,https://quickchart.io/chart/render/sf-e7b6f8a4-5f77-416e-b447-08104dce0718
MINECRAFT VOLUME ALPHA TRANSPARENT,10,2024-10-19,28.5,83.97,39.45,$30.00,$4.72,$34.09,https://quickchart.io/chart/render/sf-c86941e2-9edc-4165-8089-df1d50d3d7c1
MONSTER HIGH BOORIGINAL CREEPRODUCTION DOLLS CLEO DE NILE,21,2024-10-22,89.0,138.0,107.52,$175.00,$-80.38,$198.87,https://quickchart.io/chart/render/sf-7c7893ed-e8e5-4909-b8b0-d2b21544982e
MONSTER HIGH BOORIGINAL CREEPRODUCTION DOLLS GHOULIA YELPS,7,2024-10-21,54.99,69.99,62.26,$50.00,$4.79,$56.81,https://quickchart.io/chart/render/sf-0b7657ae-3676-4147-be2b-283a71e0d3de
MONSTER HIGH DOLL CLAWDEEN WOLF IN BLACK AND WHITE,7,2024-10-15,65.0,147.0,103.35,$50.00,$40.95,$56.81,https://quickchart.io/chart/render/sf-ce4f1fac-e0a5-4d6b-9605-20a253e7dc68
MONSTER HIGH DOLL DRACULA IN BLACK AND WHITE,7,2024-09-28,75.0,215.0,120.36,$50.00,$55.92,$56.81,https://quickchart.io/chart/render/sf-dd50c0b6-ae77-410b-8976-c6af40d9245f
MONSTER HIGH DOLL DRACULAURA DOLL VAMPIRE HEART,20,2024-10-22,250.0,516.83,312.6,$100.00,$175.09,$113.63,https://quickchart.io/chart/render/sf-59eaeefe-c5e5-4067-977e-8b9fc1ca001a
MONSTER HIGH DOLL FRANKIE STEIN IN BLACK AND WHITE,18,2024-10-20,19.99,71.88,39.8,$50.00,$-14.98,$56.82,https://quickchart.io/chart/render/sf-dde90db9-10cb-477a-9764-432a4734ca0c
MONSTER HIGH LAGOONA BLUE IN BLACK AND WHITE DOLL,8,2024-10-24,54.99,102.5,67.93,$50.00,$9.78,$56.81,https://quickchart.io/chart/render/sf-62905723-703f-44e4-a1ed-1ce254850b52
MOTOROLA MA1 WIRELESS ANDROID AUTO CAR ADAPTER,17,2024-10-24,39.0,65.0,50.24,$115.00,$-70.79,$130.69,https://quickchart.io/chart/render/sf-240777b1-3b83-4159-87be-0f1cd0a2fe82
MSI B650 GAMING PLUX WIFI MOTHERBOARD ATX,22,2024-10-22,99.95,173.49,132.74,$150.00,$-33.19,$170.46,https://quickchart.io/chart/render/sf-5b91dde9-87d7-4877-a320-6624a10063d2
MSI GEFORCE RTX 3090 GAMING X TRIO,24,2024-10-23,610.0,1649.0,783.96,$1200.00,$-510.12,$1363.64,https://quickchart.io/chart/render/sf-58d2bc85-03f0-4fba-92bf-d0528d433f6d
MSI GEFORCE RTX 3090 SUPRIM X,15,2024-10-23,699.0,1000.0,809.89,$1200.00,$-487.30,$1363.64,https://quickchart.io/chart/render/sf-1442bc14-bcfd-4f9b-aad2-3636c98378aa
MSI GEFORCE RTX 3090 TI SUPRIM X,8,2024-10-14,811.99,1000.0,882.59,$1200.00,$-423.32,$1363.64,https://quickchart.io/chart/render/sf-7ee1035b-e548-426d-a274-9ee3faa03042
MSI GEFORCE RTX 3090 VENTUS 3X OC,21,2024-10-23,680.0,950.0,776.49,$1200.00,$-516.69,$1363.64,https://quickchart.io/chart/render/sf-38b6a997-dc6f-4611-8ba2-1adba4613853
MSI GEFORCE RTX 4080 SUPER GAMING X SLIM,10,2024-10-18,580.0,1162.88,853.18,$1500.00,$-749.20,$1704.55,https://quickchart.io/chart/render/sf-02e0da9c-343b-4953-a22f-e93c7707835d
MSI GEFORCE RTX 4080 SUPER VENTUS 3X,16,2024-10-23,850.0,1110.95,945.81,$1500.00,$-667.69,$1704.55,https://quickchart.io/chart/render/sf-18a6cde2-7791-4200-a34c-9b3bc5038746
MSI GEFORCE RTX 4090 GAMING TRIO,23,2024-10-24,1200.0,2200.0,1662.63,$2200.00,$-736.89,$2500.00,https://quickchart.io/chart/render/sf-007de4d0-55db-4ad8-9214-95fbec327ac0
MSI GEFORCE RTX 4090 GAMING X SLIM,21,2024-10-23,1401.0,2199.0,1730.63,$2200.00,$-677.05,$2500.00,https://quickchart.io/chart/render/sf-a67db9bc-b9f0-47c6-9a96-7e070b1840b8
MSI GEFORCE RTX 4090 GAMING X TRIO,21,2024-10-24,1200.0,2200.0,1684.07,$2200.00,$-718.02,$2500.00,https://quickchart.io/chart/render/sf-3229eb63-5a4a-4678-8c6d-9263e82de76c
MSI GEFORCE RTX 4090 SUPRIM LIQUID X,21,2024-10-24,1300.0,2099.99,1734.45,$2200.00,$-673.68,$2500.00,https://quickchart.io/chart/render/sf-47a97838-08be-4f27-b291-3e292d31e6c5
MSI GEFORCE RTX 4090 SUPRIM X,23,2024-10-24,1200.0,2099.99,1691.22,$2200.00,$-711.73,$2500.00,https://quickchart.io/chart/render/sf-7d734ff3-dbee-4c02-9326-2f616d483add
MSI GEFORCE RTX 4090 VENTUS 3X OC,11,2024-10-23,800.0,2099.0,1125.76,$2200.00,$-1209.33,$2500.00,https://quickchart.io/chart/render/sf-90b4e01d-b487-47f1-bfaf-83c24d5b3ffc
MSI H310 LGA 1151 MINING MOTHERBOARD,8,2024-10-22,57.95,129.99,80.61,$250.00,$-179.06,$284.10,https://quickchart.io/chart/render/sf-96d61b23-aace-461f-aa3e-10c29e65ab27
MSI MPG321URX QD-OLED 32 4K OLED MONITOR,14,2024-10-10,849.01,1290.81,919.63,$1100.00,$-290.73,$1250.01,https://quickchart.io/chart/render/sf-e80e169f-2b4b-4e93-86cd-064d6ccbda62
NETGEAR ORBI PRO WIFI 6 ROUTER SXK50B3,8,2024-10-22,109.99,239.0,133.87,$350.00,$-232.19,$397.73,https://quickchart.io/chart/render/sf-500a507c-5802-4aa9-813a-83f5f5e5e54c
NINTENDO 64 CONTROLLER NINTENDO SWITCH,9,2024-10-24,55.0,140.97,78.22,$80.00,$-11.17,$90.91,https://quickchart.io/chart/render/sf-4d6fde47-562c-4b55-b84c-a6c3cae5ed94
NINTENDO AMIIBO PYRA MYTHRA 2 PACK SUPER SMASH BROS,15,2024-10-23,50.0,75.0,56.44,$50.00,$-0.33,$56.82,https://quickchart.io/chart/render/sf-fa7a30d8-354d-4016-ba41-cadc7af1402a
NINTENDO LINK OCARINA OF TIME AMIIBO,18,2024-10-24,19.98,37.5,26.56,$20.00,$3.37,$22.72,https://quickchart.io/chart/render/sf-4b570117-15ee-4a73-b2f1-8a74b4c4aaba
NINTENDO SWITCH PRO CONTROLLER LEGEND OF ZELDA TEARS OF THE KINGDOM EDITION,18,2024-10-24,49.99,125.38,74.26,$90.00,$-24.65,$102.28,https://quickchart.io/chart/render/sf-dc3238bf-95b5-4e77-ab16-3651a50a922e
NVIDIA JETSON NANO DEVELOPER KIT 2 GB,6,2024-09-24,134.99,283.0,209.62,$65.00,$119.47,$73.86,https://quickchart.io/chart/render/sf-beb20edc-45ac-4dc4-bf79-6afedbb856ec
NVIDIA JETSON XAVIER NX DEVELOPER KIT,17,2024-10-20,417.8,770.0,549.6,$450.00,$33.65,$511.36,https://quickchart.io/chart/render/sf-d9f72152-92fa-48a3-b560-f513bec0be30
NZXT H510 ELITE BLACK,17,2024-10-01,40.0,599.99,145.26,$80.00,$47.83,$90.90,https://quickchart.io/chart/render/sf-4fea8a10-30be-4399-a10a-5d02a8e71a4b
OBIHAI OBI200 VOIP ADAPTER,17,2024-10-21,29.95,69.99,43.55,$60.00,$-21.68,$68.19,https://quickchart.io/chart/render/sf-fedeb549-217b-40ce-9ca0-b286b785e915
ONE PIECE THETHREE BROTHERS ULTRA STARTER DECK ST-13,12,2024-10-23,32.75,99.99,49.05,$65.00,$-21.84,$73.87,https://quickchart.io/chart/render/sf-4ce1051c-41f9-4ac0-ac92-721766b27faf
ONE PROTEIN BARS 12 COUNT PACK OF 1 SMORES,11,2024-10-23,27.85,71.33,41.49,$3.00,$33.51,$3.40,https://quickchart.io/chart/render/sf-b4d77028-3c10-4fcf-957e-8d1216a7e48e
PALMOLIVE SOAP AC1405,19,2024-10-23,14.0,39.89,23.41,$8.00,$12.60,$9.09,https://quickchart.io/chart/render/sf-cb5f8cbd-7667-4933-af45-f728b6ede8c1
PARTY ANIMAL TEENYMATES NFL 2023 SERIES 12 CALENDAR,13,2024-10-18,23.39,98.89,42.86,$70.00,$-32.28,$79.55,https://quickchart.io/chart/render/sf-1667bb93-fe7c-4e86-b8e0-ecafd82c27f0
PDP RIFFMASTER WIRELESS GUITAR CONTROLLER FOR PLAYSTATION,21,2024-10-21,109.99,258.81,142.31,$175.00,$-49.77,$198.87,https://quickchart.io/chart/render/sf-9d15223f-da2e-4de8-b7bc-c7e3ab592931
PDP RIFFMASTER WIRELESS GUITAR CONTROLLER FOR XBOX,8,2024-10-23,104.89,199.02,131.48,$175.00,$-59.30,$198.87,https://quickchart.io/chart/render/sf-97101f33-491b-40e7-8387-c94d72ac0221
PIONEER DJ DDJ-400 2 DECK,10,2024-10-17,217.05,389.0,275.67,$275.00,$-32.41,$312.51,https://quickchart.io/chart/render/sf-c5b262a9-79d8-4766-9ed6-ed0a19f637c2
PLAYSTATION 5 CONSOLE COVERS MARVEL SPIDER MAN 2 LIMITED EDITION,9,2024-10-15,130.0,239.99,166.22,$80.00,$66.27,$90.90,https://quickchart.io/chart/render/sf-be4bf768-1df3-4abc-ab38-cc48ceb8d863
PLAYSTATION DUALSENSE WIRELESS CONTROLLER SPIDER MAN 2 LIMITED EDITION,17,2024-10-19,130.1,249.99,172.17,$100.00,$51.51,$113.63,https://quickchart.io/chart/render/sf-aa0b864c-749b-48aa-911c-831944624e89
PNY GEFORCE RTX 3090 REVEL,25,2024-10-18,650.0,849.97,675.74,$1200.00,$-605.35,$1363.64,https://quickchart.io/chart/render/sf-fd9bed97-8d9b-48fd-9845-6d0b7a01f243
PNY GEFORCE RTX 3090 UPRISING,19,2024-10-22,590.0,839.97,668.94,$1200.00,$-611.33,$1363.64,https://quickchart.io/chart/render/sf-a33b3d61-cb9b-4e36-9a83-662f4a5dce5f
PNY GEFORCE RTX 4090 VERTO,25,2024-10-23,1469.99,3480.0,1804.91,$2200.00,$-611.68,$2500.00,https://quickchart.io/chart/render/sf-1f9435f3-0b73-4d81-9a8a-b2f9d3e8dd63
PNY GEFORCE RTX 4090 VERTO OC,18,2024-10-23,1405.0,1899.99,1720.44,$2200.00,$-686.01,$2500.00,https://quickchart.io/chart/render/sf-9fda83df-c90d-4b44-8378-db1c9d538974
POKEMON SAS7 EVOLVING SKIES ELITE TRAINER BOX,16,2024-10-24,139.99,380.0,195.71,$50.00,$122.22,$56.81,https://quickchart.io/chart/render/sf-7a9a0ff0-8e83-403d-9536-a004090a6a6d
POKEMON TCG CELEBRATIONS ULTRA PREMIUM COLLECTION,24,2024-10-23,285.0,413.47,323.19,$190.00,$94.41,$215.90,https://quickchart.io/chart/render/sf-51fec116-d1f5-4fea-a1b4-b5eb69b54bd3
POKEMON TCG CHAMPION'S PATH ELITE TRAINER BOX,9,2024-10-22,59.0,91.49,78.62,$75.00,$-5.81,$85.23,https://quickchart.io/chart/render/sf-51adf47f-d3d9-4377-b33b-f6a135aba64b
POKEMON TCG HIDDEN FATES TIN,19,2024-10-22,46.5,175.0,74.26,$30.00,$35.35,$34.09,https://quickchart.io/chart/render/sf-1995ef27-41ef-4fde-b2df-e2924ff7cba2
POKEMON TCG SCARLET AND VIOLET SHROUDED FABLE MINI TIN,19,2024-10-17,59.99,126.49,80.89,$20.00,$51.18,$22.72,https://quickchart.io/chart/render/sf-ed2f8cf5-053c-450d-8eac-7a5e22a919ab
POKEMON TCG SCARLET VIOLET 35 POKEMON 151 BOOSTER BUNDLE,25,2024-10-23,39.99,164.99,54.96,$35.00,$13.36,$39.77,https://quickchart.io/chart/render/sf-c5ee54f0-d0f9-40b9-aca8-a4c76dc90ce2
POKEMON TCG SWORD AND SHIELD EVOLVING SKIES BOOSTER BOX,8,2024-10-23,640.0,829.0,745.99,$300.00,$356.47,$340.90,https://quickchart.io/chart/render/sf-cae62cf1-846d-43a4-a4b8-ca9072859fa7
POKEMON TCG SWORD AND SHIELD SILVER TEMPEST BOOSTER BOX,13,2024-10-21,118.88,218.23,155.96,$250.00,$-112.76,$284.10,https://quickchart.io/chart/render/sf-74990fe1-8d9b-45a1-914c-5ed9661cfa47
POKEMON TCG SUN MOON COSMIC ECLIPSE BOOSTER BOX,9,2024-09-30,860.0,1137.04,948.81,$150.00,$684.95,$170.45,https://quickchart.io/chart/render/sf-6f4a7324-6889-48c7-b64a-2af4c87b5b71
POWER RANGERS LIGHTNING COLLECTION GREEN RANGER 6 INCH,12,2024-10-23,24.99,100.0,64.7,$30.00,$26.94,$34.09,https://quickchart.io/chart/render/sf-463ca1ef-c173-483a-9499-5db9594c28d2
POWERCOLOR RADEON RX 7900 XTX RED DEVIL LIMITED EDITION,23,2024-10-22,700.0,1000.0,808.43,$1200.00,$-488.58,$1363.64,https://quickchart.io/chart/render/sf-9a805539-ab40-4018-8380-efbcdbdece78
RASPBERRY PI 4 MODEL B 2 GB,14,2024-10-21,39.99,129.99,53.5,$55.00,$-7.92,$62.51,https://quickchart.io/chart/render/sf-599d8b70-18e3-46aa-afcd-af7a152da92c
RASPBERRY PI 4 MODEL B 4 GB,18,2024-10-24,47.99,89.99,60.01,$65.00,$-12.19,$73.87,https://quickchart.io/chart/render/sf-0db7e0ca-7528-43a3-aa3d-2ddd1437c646
RASPBERRY PI 4 MODEL B 8 GB,14,2024-10-23,49.99,100.0,68.71,$85.00,$-24.54,$96.60,https://quickchart.io/chart/render/sf-5943a9b4-7c85-4d64-80ea-0170bb66bdca
RAVENSBURGER DISNEY LORCANA BOOSTER PACK 24 COUNT,10,2024-10-11,170.0,269.99,206.89,$150.00,$32.06,$170.45,https://quickchart.io/chart/render/sf-36301364-e6ae-42f5-8802-5b8a26a601d6
RAVENSBURGER DISNEY LORCANA D100 COLLECTORS EDITION TCG GIFT SET,20,2024-10-17,54.55,155.0,76.15,$200.00,$-132.99,$227.28,https://quickchart.io/chart/render/sf-0e705f6d-4230-43f8-9897-7644ada9ad57
RAVENSBURGER DISNEY LORCANA FIRST CHAPTER TCG GIFT SET,8,2024-10-14,82.98,220.0,121.56,$60.00,$46.97,$68.18,https://quickchart.io/chart/render/sf-de4e548b-efc1-49e0-a0cd-ce64a4567390
RAVENSBURGER DISNEY LORCANA RISE OF THE FLOODBORN TCG BOOSTER PACK,16,2024-10-23,103.3,169.97,141.0,$30.00,$94.08,$34.09,https://quickchart.io/chart/render/sf-b7aba053-9698-47d4-80fa-3df785c86fa1
RAVENSBURGER DISNEY LORCANA RISE OF THE FLOODBORN TROVE,20,2024-10-23,50.0,95.0,61.9,$200.00,$-145.53,$227.28,https://quickchart.io/chart/render/sf-c1f98318-ee37-4074-8c90-4df53e04cc26
RAVENSBURGER DISNEY LORCANA THE FIRST CHAPTER EVIL QUEEN,19,2024-10-24,170.0,269.95,222.12,$50.00,$145.47,$56.81,https://quickchart.io/chart/render/sf-5b021304-86a9-4c1b-aa7f-aef82c82c5e8
RAVENSBURGER DISNEY LORCANA THE FIRST CHAPTER MICKEY MOUSE DECK BOX,13,2024-10-23,185.0,269.95,225.67,$100.00,$98.59,$113.63,https://quickchart.io/chart/render/sf-68b9f7f8-3b09-4e00-909e-5fb3923e455d
RAVENSBURGER DISNEY LORCANA THE FIRST CHAPTER MICKEY MOUSE SLEEVE PACK,26,2024-09-19,64.25,84.0,72.76,$100.00,$-35.97,$113.64,https://quickchart.io/chart/render/sf-952626e0-8afb-48f0-a000-c173633b4d77
RAVENSBURGER DISNEY LORCANA THE FIRST CHAPTER STITCH PORTFOLIO,21,2024-10-24,170.0,269.95,221.01,$80.00,$114.49,$90.90,https://quickchart.io/chart/render/sf-f09c04d1-b8ad-4be9-9727-fda8a74870e9
RAVENSBURGER DISNEY LORCANA TROVE SET,10,2024-10-21,100.0,348.85,251.63,$60.00,$161.43,$68.18,https://quickchart.io/chart/render/sf-547afde7-34a5-4958-ab7b-df4f8e209ea3
RAZER CORE X EXTERNAL GPU ENCLOSURE,17,2024-10-19,236.0,526.48,319.84,$200.00,$81.46,$227.27,https://quickchart.io/chart/render/sf-17f2d776-3c6a-45dc-b655-e5c4667c94a0
RIPPLE VEGAN VANILLA PROTEIN SHAKE PACK OF 12,8,2024-10-24,25.0,59.64,35.05,$3.00,$27.84,$3.40,https://quickchart.io/chart/render/sf-2f26a25d-ede8-49d5-8d51-723cdf9d2bda
SAMSUNG 860 PRO 256 GB 25 INCH SSD,10,2024-10-17,45.0,159.95,84.73,$80.00,$-5.44,$90.91,https://quickchart.io/chart/render/sf-325af4fe-0826-43c2-a4c5-3a54993da8fd
SAMSUNG 990 PRO M2 1000GB,18,2024-10-24,84.0,151.0,98.79,$5.00,$81.94,$5.68,https://quickchart.io/chart/render/sf-807e00f3-2e4c-46b8-8cdf-e5c3a29a1267
SAPPHIRE RADEON RX 7900 XT,26,2024-10-23,520.0,694.99,608.25,$1100.00,$-564.74,$1250.01,https://quickchart.io/chart/render/sf-9065351a-84eb-4cd4-916e-5cce90e8b171
SAPPHIRE RADEON RX 7900 XTX,10,2024-10-22,680.0,1017.99,833.19,$1200.00,$-466.79,$1363.64,https://quickchart.io/chart/render/sf-16de4c4d-20f4-4ab5-b4be-b6242c010ce9
SONY DUALSENSE WIRELESS CONTROLLER 30TH ANNIVERSARY,10,2024-10-24,113.97,140.0,130.38,$100.00,$14.73,$113.63,https://quickchart.io/chart/render/sf-2cff052e-9021-48a7-b47e-389ae9528691
SONY DUALSENSE WIRELESS CONTROLLER FORTNITE LIMITED EDITION,22,2024-10-24,100.0,150.0,129.62,$100.00,$14.07,$113.63,https://quickchart.io/chart/render/sf-b80e0545-8de6-4608-892e-c56bc89c781d
SONY DUALSENSE WIRELESS CONTROLLER MULTICOLORED,11,2024-10-24,29.0,249.99,92.52,$100.00,$-18.58,$113.64,https://quickchart.io/chart/render/sf-9e610e2c-161b-46a8-a686-97a2a89f0138
SONY PLAYSTATION 5 DIGITAL,8,2024-10-24,325.99,429.99,378.23,$600.00,$-267.16,$681.82,https://quickchart.io/chart/render/sf-ab840111-7b92-4d1a-855b-36296e3b6281
SONY PLAYSTATION 5 DIGITAL 30TH ANNIVERSARY BUNDLE,20,2024-10-24,710.0,799.99,739.93,$800.00,$-148.86,$909.10,https://quickchart.io/chart/render/sf-67d95441-1cd7-42fa-8c2d-f146db9e69cf
SONY PLAYSTATION 5 DIGITAL DISC DRIVE SLIM,7,2024-10-23,109.99,123.95,115.41,$120.00,$-18.44,$136.37,https://quickchart.io/chart/render/sf-4353d896-cf93-47c1-b195-6f9fa2952058
SONY PLAYSTATION 5 DISC SPIDER MAN 2 BUNDLE,15,2024-10-23,419.99,847.43,559.95,$650.00,$-157.24,$738.64,https://quickchart.io/chart/render/sf-954c207a-9a54-4dd6-92f1-0c9db3ce3bf7
SONY PLAYSTATION 5 PRO,11,2024-10-24,889.99,3900.0,2952.64,$1000.00,$1598.32,$1136.36,https://quickchart.io/chart/render/sf-30c2d4f6-fcae-4320-a0d9-680ee0ca139a
SORCERY TCG CONTESTED REALM BETA EDITION BOOSTER BOX,21,2024-10-23,149.99,257.57,196.89,$200.00,$-26.74,$227.28,https://quickchart.io/chart/render/sf-dac528a4-54de-46f7-a5bd-ad3ee76fa832
SPARKLING ICE CAFFEINE CHERRY VANILLA SPARKLING WATER,21,2024-10-22,20.35,29.99,22.67,$3.00,$16.95,$3.40,https://quickchart.io/chart/render/sf-7be31ef3-b0bf-4a29-9314-b03d9623b0ae
SPEAK AND SING DOLL 16 TALL INTERACTIVE TOY,16,2024-10-16,49.97,99.99,59.74,$150.00,$-97.43,$170.46,https://quickchart.io/chart/render/sf-7d9fc742-554c-4d54-b760-adc6f49a756c
SQUISHMALLOW POKEMON 14 GENGAR PLUSH,17,2024-10-19,24.99,50.99,32.09,$40.00,$-11.76,$45.46,https://quickchart.io/chart/render/sf-bd6c45d2-0b2c-4eaf-bcd5-f37177be2a10
STANLEY ADVENTURE QUENCHER TRAVEL TUMBLER 40 OZ ABALONE,12,2024-10-07,20.0,79.99,39.64,$75.00,$-40.12,$85.23,https://quickchart.io/chart/render/sf-6ba5b78a-6bcc-4cd9-8720-9bc8cf007dc5
STANLEY ADVENTURE QUENCHER TRAVEL TUMBLER 40 OZ AQUA,13,2024-10-07,20.0,79.99,41.84,$75.00,$-38.18,$85.23,https://quickchart.io/chart/render/sf-629362f0-054b-49af-a0ad-427a969d6fc0
STANLEY ADVENTURE QUENCHER TRAVEL TUMBLER 40 OZ AZALEA,13,2024-10-07,20.0,79.99,42.86,$50.00,$-12.28,$56.82,https://quickchart.io/chart/render/sf-3b460269-01b7-4e41-b6dd-9e99ea35c59e
STANLEY ADVENTURE QUENCHER TRAVEL TUMBLER 40 OZ CHAMBRAY,12,2024-10-04,25.0,79.99,49.11,$50.00,$-6.78,$56.82,https://quickchart.io/chart/render/sf-4fe80652-44ef-4c82-90f6-dcc976263a20
STANLEY ADVENTURE QUENCHER TRAVEL TUMBLER 40 OZ COAL,14,2024-10-11,20.0,79.99,41.83,$50.00,$-13.19,$56.82,https://quickchart.io/chart/render/sf-fd7fb733-892b-4b47-a856-525ce0703719
STANLEY ADVENTURE QUENCHER TRAVEL TUMBLER 40 OZ CORNFLOWER,13,2024-10-22,26.0,79.99,54.47,$50.00,$-2.07,$56.82,https://quickchart.io/chart/render/sf-9e0db5a5-ed80-47ce-a572-d5dac89b6b6d
STANLEY ADVENTURE QUENCHER TRAVEL TUMBLER 40 OZ CREAM,14,2024-10-07,20.0,100.0,47.2,$50.00,$-8.46,$56.82,https://quickchart.io/chart/render/sf-df67a336-5309-4431-b9c1-41f535809233
STANLEY ADVENTURE QUENCHER TRAVEL TUMBLER 40 OZ DRIFTWOOD,13,2024-10-04,20.5,79.99,44.52,$50.00,$-10.82,$56.82,https://quickchart.io/chart/render/sf-04ad7fb4-d2c9-49ed-b26d-ff1c686a3199
STANLEY ADVENTURE QUENCHER TRAVEL TUMBLER 40 OZ EUCALYPTUS,13,2024-10-07,20.0,69.63,37.04,$50.00,$-17.40,$56.82,https://quickchart.io/chart/render/sf-da808d38-a02f-429d-b937-3d837e3f134a
STANLEY ADVENTURE QUENCHER TRAVEL TUMBLER 40 OZ GRAPEFRUIT,13,2024-10-04,20.5,79.99,41.27,$50.00,$-13.68,$56.82,https://quickchart.io/chart/render/sf-96e0b729-c7ff-439b-aedf-8b6049889520
STANLEY ADVENTURE QUENCHER TRAVEL TUMBLER 40 OZ PINK DUSK,7,2024-09-17,14.97,29.99,19.41,$75.00,$-57.92,$85.23,https://quickchart.io/chart/render/sf-c5f3d606-7de4-48fa-bbf9-088d6b5daca4
STANLEY ADVENTURE QUENCHER TRAVEL TUMBLER 40 OZ ROSE QUARTZ,11,2024-10-17,20.5,59.69,38.59,$50.00,$-16.04,$56.82,https://quickchart.io/chart/render/sf-3dd7ed67-1129-4971-a1da-4ba24365525d
STANLEY ADVENTURE QUENCHER TRAVEL TUMBLER 40 OZ SEA FOAM,12,2024-10-07,20.0,69.63,36.22,$50.00,$-18.13,$56.82,https://quickchart.io/chart/render/sf-f4f7691a-5b1e-4962-ac4c-590f7bae2c47
STANLEY ADVENTURE QUENCHER TRAVEL TUMBLER 40 OZ YARROW,12,2024-10-21,25.0,79.99,47.95,$50.00,$-7.80,$56.82,https://quickchart.io/chart/render/sf-55f7d7f6-1598-4fb6-af74-41f9224b43b9
STAR WARS UNLIMITED TCG SPARK OF REBELLION BOOSTER PACK,12,2024-10-22,152.5,206.72,184.89,$150.00,$12.70,$170.45,https://quickchart.io/chart/render/sf-2240928c-f82c-41aa-9485-a5914638c6b2
SUPER MARIO BROS ENCYCOLOPEDIA BOOK,14,2024-10-23,9.99,20.0,14.92,$11.00,$2.13,$12.49,https://quickchart.io/chart/render/sf-e8e8e14f-8ed8-468e-817d-cb56571ef628
SUPER SNACK PACK VANILLA PUDDING CUPS 6 COUNT 8 PACK,10,2024-10-21,6.97,22.59,15.85,$3.00,$10.95,$3.40,https://quickchart.io/chart/render/sf-7e802141-ebb5-4ab3-bf01-c316e85d2019
TAMAGOTCHI 42833 ON FAIRY BLUE,6,2024-10-02,201.0,350.0,287.66,$60.00,$193.14,$68.18,https://quickchart.io/chart/render/sf-e43da771-739a-4cb0-b3eb-6b3c2c7d927a
TAYLOR SWIFT FOLKLORE CD,13,2024-10-24,75.0,165.0,122.5,$300.00,$-192.20,$340.91,https://quickchart.io/chart/render/sf-bc007975-bb37-457a-b220-6b77cbfa7029
TEMPTATIONS KITTEN TREATS SALMON AND DAIRY TREAT PACK OF 10,6,2024-10-20,12.99,25.14,18.53,$200.00,$-183.69,$227.28,https://quickchart.io/chart/render/sf-82b1984b-8565-4d2d-bbe3-335ec1c99066
THE LEGEND OF ZELDA AMIIBO FIGURE LINK,17,2024-10-23,16.0,37.99,23.13,$25.00,$-4.65,$28.41,https://quickchart.io/chart/render/sf-61cdd178-99c7-43f2-99ac-bc358761bc20
THERMAL GIRZZLY AM5 MYCRO DIRECT DIE,1,2024-09-29,405.0,405.0,405.0,$300.00,$56.40,$340.90,https://quickchart.io/chart/render/sf-a82e4e1a-9a12-49cc-8fbe-452ba559aeac
THERMAL GRIZZLY AM5 MYCRO DIRECT DIE RGB,1,2024-09-29,405.0,405.0,405.0,$300.00,$56.40,$340.90,https://quickchart.io/chart/render/sf-28c8fd8c-6050-49dc-9048-b9a971b2a7a3
THRUSTMASTER TMX FORCE FEEDBACK RACING WHEEL,17,2024-10-19,74.5,229.99,121.83,$140.00,$-32.79,$159.10,https://quickchart.io/chart/render/sf-c99861e8-6779-4687-b139-58b7a19b09b7
THRUSTMASTER TS-XW RACER W SPARCO P310,14,2024-10-16,250.0,500.0,369.89,$500.00,$-174.50,$568.19,https://quickchart.io/chart/render/sf-cadda510-f8b0-4564-8975-854a13e6a533
TIC TAC FRUIT ADVENTURE MINTS 8 COUNT,7,2024-10-04,19.39,29.99,26.44,$7.00,$16.27,$7.95,https://quickchart.io/chart/render/sf-24ee8347-2e31-4c39-8740-cf8ca5430b81
TRANSFORMERS CYBERTRON GALACTIC ODYSSEY,17,2024-10-21,65.0,100.0,78.81,$50.00,$19.35,$56.81,https://quickchart.io/chart/render/sf-0b794e55-e343-4b04-8d35-db373ee14d96
TRANSFORMERS GENERATIONS WAR FOR CYBERTRON EARTHRISE VOYAGER,15,2024-10-21,40.0,152.5,78.43,$75.00,$-5.98,$85.23,https://quickchart.io/chart/render/sf-74845323-cdd1-411d-b5b8-c293464faa8b
TRANSFORMERS TOYS GENERATIONS LEGACY SERIES COMMANDER DECEPTICON,8,2024-10-22,79.99,109.99,93.24,$60.00,$22.05,$68.18,https://quickchart.io/chart/render/sf-8f7e7cad-3cb4-441e-a4ef-d69b424557a2
TYLENOL EXTRA STRENGTH CAPLETS 500 MG 225 CT,14,2024-10-19,11.88,15.99,14.03,$5.00,$7.35,$5.68,https://quickchart.io/chart/render/sf-844d34e9-8194-4e3b-a15a-f7ca8118f87f
VANICREAM ANTI-PERSPIRANT DEODORANT,6,2024-10-20,14.69,32.98,22.08,$10.00,$9.43,$11.36,https://quickchart.io/chart/render/sf-bf6c7edc-3108-4c02-ab88-4de4b05b77c9
VOOHEK 5-PIECE OUTDOOR PATIO DINING SET,14,2024-10-17,187.99,509.99,327.76,$5.00,$283.43,$5.68,https://quickchart.io/chart/render/sf-5963a095-5ac0-4867-8e3f-bd777b295dea
WWE FAN TAKEOVER JEFF HARDY ACTION FIGURE,9,2024-10-21,68.15,109.99,92.59,$35.00,$46.48,$39.77,https://quickchart.io/chart/render/sf-2cf42c07-c390-4292-9636-7727381c523f
XBOX SERIES X HALO INFINITE LIMITED EDITION,22,2024-10-23,605.0,1159.99,772.69,$625.00,$54.97,$710.22,https://quickchart.io/chart/render/sf-6bda3189-d2ac-4b50-a2ae-b81636f31a76
XFX RADEON RX 7900 XT,25,2024-10-23,540.0,799.0,615.56,$1100.00,$-558.31,$1250.01,https://quickchart.io/chart/render/sf-b1ac4f6a-3909-4843-9419-b044a9159ad4
XFX RADEON RX 7900 XTX,8,2024-10-20,750.0,906.49,808.31,$1200.00,$-488.69,$1363.64,https://quickchart.io/chart/render/sf-7a8e4899-d0ae-4d92-a47c-7dd2d420f697
YOTO MINI BLUETOOTH AUDIO PLAYER TRAVEL DEVICE,3,2024-10-19,56.0,69.0,61.67,$200.00,$-145.73,$227.28,https://quickchart.io/chart/render/sf-0404522a-802c-4331-bd71-e7eb347e41fb
YOTO MINI BLUETOOTH AUDIO PLAYER TRAVEL DEVICE STARTER PACK,1,2024-08-11,77.0,77.0,77.0,$200.00,$-132.24,$227.28,https://quickchart.io/chart/render/sf-4efcde4e-97b6-460a-bb54-2b5ab7cb1fa9
ZOTAC GEFORCE RTX 3090 TRINITY,24,2024-10-23,630.0,1445.5,738.97,$1200.00,$-549.71,$1363.64,https://quickchart.io/chart/render/sf-749fd8b6-96f5-4bdf-ba77-ce72c0a690af
ZOTAC GEFORCE RTX 4090 TRINITY,22,2024-10-24,1200.0,2299.99,1748.24,$2200.00,$-661.55,$2500.00,https://quickchart.io/chart/render/sf-6fe5c618-0add-4010-aae5-c3d7a2b1d509
ZOTAC GEFORCE RTX 4090 TRINITY AMP EXTREME AIRO,14,2024-10-23,1026.0,2500.0,1675.07,$2200.00,$-725.94,$2500.00,https://quickchart.io/chart/render/sf-9b792478-0c64-48d7-ae69-335402980fb5
ZOTAC GEFORCE RTX 4090 TRINITY OC,18,2024-10-24,1200.0,2299.99,1802.02,$2200.00,$-614.22,$2500.00,https://quickchart.io/chart/render/sf-544a2c68-4ce4-4d1a-9e04-f4406e435694
ZOTAC GEFORCE RTX 4090 TRINITY OC WHITE,11,2024-10-18,1200.0,1820.0,1595.39,$2200.00,$-796.06,$2500.00,https://quickchart.io/chart/render/sf-66096e2f-4017-4580-bf4f-b4f8f08bf09e
